"EntityLogicalName","AttributeLogicalName","DisplayName","Type","RequiredLevel","IsCustomField","IsAuditEnabled","IsSecured","OptionSetName","OptionCount","IntroducedVersion"
"sharepointdocumentlocation","tema_litogl_tp_campaniasanalitica","Lito-Gl-Campaña-Analitica","lookup","none","1","0","0",,,"1.0.0.0"
"systemuser","tema_litogl_es_op_perfil_usuario","Lito-Gl_es_op_perfil_usuario","picklist","none","1","1","0","tema_litoglperfilusuario","6","1.0.0.0"
"systemuser","tema_litogl_te_op_habilitarenapp","Lito-GL_te_op_HabilitarEnApp","bit","none","1","1","0","tema_systemuser_tema_litogl_te_op_habilitarenapp","2","1.0.0.5"
"team","name","Nombre del equipo","nvarchar","systemrequired","0","1","0",,,"5.0.0.0"
"team","tema_litogl_te_bu_campania","Lito-GL_te_bu_Campania","lookup","none","1","0","0",,,"1.0.0.8"
"team","tema_litogl_te_bu_proyecto","Lito-GL_te_bu_ Proyecto","lookup","none","1","0","0",,,"1.0.0.5"
"team","tema_litogl_te_op_rolcampania","Lito-GL_te_op_RolCampania","picklist","none","1","1","0","tema_litogl_op_rolescampania","1","1.0.0.8"
"team","tema_litogl_te_op_roltecnico","Lito-GL_te_op_RolTecnico","picklist","none","1","1","0","tema_litogl_op_rolesproyecto","3","1.0.0.5"
"tema_lito_gl_fp_campana","activestageid","Fase activa","lookup","none","0","1","0",,,"1.0"
"tema_lito_gl_fp_campana","activestagestartedon","Inicio de la fase activa","datetime","none","0","1","0",,,"1.0"
"tema_lito_gl_fp_campana","bpf_duration","Duración","int","none","1","0","0",,,"1.0"
"tema_lito_gl_fp_campana","bpf_name","Nombre","nvarchar","required","1","1","0",,,"1.0"
"tema_lito_gl_fp_campana","bpf_tema_litogl_tp_campaniasanaliticaid","Tema_Litogl_Tp_Campaniasanalitica","lookup","none","1","0","0",,,"1.0"
"tema_lito_gl_fp_campana","bpf_tema_litoglcampanaejecucionid","Tema_Litoglcampanaejecucion","lookup","none","1","0","0",,,"1.0"
"tema_lito_gl_fp_campana","bpf_tema_litoglcampanaprovisionesid","Tema_Litoglcampanaprovisiones","lookup","none","1","0","0",,,"1.0"
"tema_lito_gl_fp_campana","bpf_tema_litoglcampanarecepcionmuestraid","Tema_Litoglcampanarecepcionmuestra","lookup","none","1","0","0",,,"1.0"
"tema_lito_gl_fp_campana","bpf_tema_litoglcampanasolicitudid","Tema_Litoglcampanasolicitud","lookup","none","1","0","0",,,"1.0"
"tema_lito_gl_fp_campana","businessprocessflowinstanceid","Lito_GL_fp_campaña","primarykey","systemrequired","0","0","0",,,"1.0"
"tema_lito_gl_fp_campana","completedon","Finalización","datetime","none","0","1","0",,,"1.0"
"tema_lito_gl_fp_campana","createdby","Autor","lookup","none","0","0","0",,,"1.0"
"tema_lito_gl_fp_campana","createdon","Fecha de creación","datetime","none","0","0","0",,,"1.0"
"tema_lito_gl_fp_campana","createdonbehalfby","Autor (delegado)","lookup","none","0","0","0",,,"1.0"
"tema_lito_gl_fp_campana","importsequencenumber","Número de secuencia de importación","int","none","0","1","0",,,"1.0"
"tema_lito_gl_fp_campana","modifiedby","Modificado por","lookup","none","0","0","0",,,"1.0"
"tema_lito_gl_fp_campana","modifiedon","Fecha de modificación","datetime","none","0","0","0",,,"1.0"
"tema_lito_gl_fp_campana","modifiedonbehalfby","Modificado por (delegado)","lookup","none","0","0","0",,,"1.0"
"tema_lito_gl_fp_campana","organizationid","Id. de la organización","lookup","none","0","1","0",,,"1.0"
"tema_lito_gl_fp_campana","overriddencreatedon","Fecha de creación del registro","datetime","none","0","1","0",,,"1.0"
"tema_lito_gl_fp_campana","processid","Proceso","lookup","none","0","1","0",,,"1.0"
"tema_lito_gl_fp_campana","statecode","Estado","state","systemrequired","0","1","0","tema_lito_gl_fp_campana_statecode","2","1.0"
"tema_lito_gl_fp_campana","statuscode","Razón para el estado","status","none","0","1","0","tema_lito_gl_fp_campana_statuscode","3","1.0"
"tema_lito_gl_fp_campana","timezoneruleversionnumber","Número de versión de regla de zona horaria","int","none","0","0","0",,,"1.0"
"tema_lito_gl_fp_campana","traversedpath","Ruta recorrida","nvarchar","none","0","1","0",,,"1.0"
"tema_lito_gl_fp_campana","utcconversiontimezonecode","Código de zona horaria de conversión UTC","int","none","0","0","0",,,"1.0"
"tema_lito_gl_matriz","createdby","Autor","lookup","none","0","0","0",,,"1.0"
"tema_lito_gl_matriz","createdon","Fecha de creación","datetime","none","0","0","0",,,"1.0"
"tema_lito_gl_matriz","createdonbehalfby","Autor (delegado)","lookup","none","0","0","0",,,"1.0"
"tema_lito_gl_matriz","importsequencenumber","Número de secuencia de importación","int","none","0","1","0",,,"1.0"
"tema_lito_gl_matriz","modifiedby","Modificado por","lookup","none","0","0","0",,,"1.0"
"tema_lito_gl_matriz","modifiedon","Fecha de modificación","datetime","none","0","0","0",,,"1.0"
"tema_lito_gl_matriz","modifiedonbehalfby","Modificado por (delegado)","lookup","none","0","0","0",,,"1.0"
"tema_lito_gl_matriz","overriddencreatedon","Fecha de creación del registro","datetime","none","0","1","0",,,"1.0"
"tema_lito_gl_matriz","ownerid","Propietario","owner","systemrequired","0","1","0",,,"1.0"
"tema_lito_gl_matriz","owningbusinessunit","Unidad de negocio propietaria","lookup","0","0","1","0",,,"1.0"
"tema_lito_gl_matriz","owningteam","Equipo propietario","lookup","none","0","0","0",,,"1.0"
"tema_lito_gl_matriz","owninguser","Usuario propietario","lookup","none","0","0","0",,,"1.0"
"tema_lito_gl_matriz","statecode","Estado","state","systemrequired","0","1","0","tema_lito_gl_matriz_statecode","2","1.0"
"tema_lito_gl_matriz","statuscode","Razón para el estado","status","none","0","1","0","tema_lito_gl_matriz_statuscode","2","1.0"
"tema_lito_gl_matriz","tema_lito_gl_matrizid","Lito_Gl_Matriz","primarykey","systemrequired","0","0","0",,,"1.0"
"tema_lito_gl_matriz","tema_litogl_tc_cp_id_matriz","Lito-Gl tc cp id matriz","nvarchar","required","1","1","0",,,"1.0"
"tema_lito_gl_matriz","tema_litogl_tc_txt_descripcion","Descripción","nvarchar","none","1","1","0",,,"1.0"
"tema_lito_gl_matriz","timezoneruleversionnumber","Número de versión de regla de zona horaria","int","none","0","0","0",,,"1.0"
"tema_lito_gl_matriz","utcconversiontimezonecode","Código de zona horaria de conversión UTC","int","none","0","0","0",,,"1.0"
"tema_litogl_tc_laboratorio","createdby","Autor","lookup","none","0","0","0",,,"1.0"
"tema_litogl_tc_laboratorio","createdon","Fecha de creación","datetime","none","0","0","0",,,"1.0"
"tema_litogl_tc_laboratorio","createdonbehalfby","Autor (delegado)","lookup","none","0","0","0",,,"1.0"
"tema_litogl_tc_laboratorio","importsequencenumber","Número de secuencia de importación","int","none","0","1","0",,,"1.0"
"tema_litogl_tc_laboratorio","modifiedby","Modificado por","lookup","none","0","0","0",,,"1.0"
"tema_litogl_tc_laboratorio","modifiedon","Fecha de modificación","datetime","none","0","0","0",,,"1.0"
"tema_litogl_tc_laboratorio","modifiedonbehalfby","Modificado por (delegado)","lookup","none","0","0","0",,,"1.0"
"tema_litogl_tc_laboratorio","overriddencreatedon","Fecha de creación del registro","datetime","none","0","1","0",,,"1.0"
"tema_litogl_tc_laboratorio","ownerid","Propietario","owner","systemrequired","0","1","0",,,"1.0"
"tema_litogl_tc_laboratorio","owningbusinessunit","Unidad de negocio propietaria","lookup","0","0","1","0",,,"1.0"
"tema_litogl_tc_laboratorio","owningteam","Equipo propietario","lookup","none","0","0","0",,,"1.0"
"tema_litogl_tc_laboratorio","owninguser","Usuario propietario","lookup","none","0","0","0",,,"1.0"
"tema_litogl_tc_laboratorio","statecode","Estado","state","systemrequired","0","1","0","tema_litogl_tc_laboratorio_statecode","2","1.0"
"tema_litogl_tc_laboratorio","statuscode","Razón para el estado","status","none","0","1","0","tema_litogl_tc_laboratorio_statuscode","2","1.0"
"tema_litogl_tc_laboratorio","tema_litogl_tc_boo_tiene_web_service","Lito-Gl_tc_boo_tiene_web_service","bit","none","1","1","0","tema_litogl_tc_laboratorio_tema_litogl_tc_boo_tiene_web_service","2","1.0.0.0"
"tema_litogl_tc_laboratorio","tema_litogl_tc_cp_idlaboratorio","Lito-Gl tc cp Id Laboratorio","nvarchar","required","1","1","0",,,"1.0"
"tema_litogl_tc_laboratorio","tema_litogl_tc_laboratorioid","Lito-Gl_tc_Laboratorio","primarykey","systemrequired","0","0","0",,,"1.0"
"tema_litogl_tc_laboratorio","tema_litogl_tc_txt_codigolaboratorio","Lito-Gl_tc_txt_Codigo Laboratorio","nvarchar","none","1","1","0",,,"1.0"
"tema_litogl_tc_laboratorio","tema_litogl_tc_txt_direccion","Lito-Gl_tc_txt_Direccion","nvarchar","none","1","1","0",,,"1.0"
"tema_litogl_tc_laboratorio","tema_litogl_tc_txt_email_1","Lito-Gl_tc_txt_Email_1","nvarchar","none","1","1","0",,,"1.0"
"tema_litogl_tc_laboratorio","tema_litogl_tc_txt_email_2","Lito-Gl_tc_txt_Email_2","nvarchar","none","1","1","0",,,"1.0"
"tema_litogl_tc_laboratorio","tema_litogl_tc_txt_nombrelaboratorio","Nombre Laboratorio","nvarchar","none","1","1","0",,,"1.0"
"tema_litogl_tc_laboratorio","tema_litogl_tc_txt_rutnit","Lito-Gl_tc_txt_Rut Nit","nvarchar","none","1","1","0",,,"1.0"
"tema_litogl_tc_laboratorio","tema_litogl_tc_txt_sitioweb","Lito-Gl_tc_txt_Sitio Web","nvarchar","none","1","1","0",,,"1.0"
"tema_litogl_tc_laboratorio","tema_litogl_tc_txt_telefono","Lito-Gl_tc_txt_Telefono","nvarchar","none","1","1","0",,,"1.0"
"tema_litogl_tc_laboratorio","tema_litogl_tc_txt_url_laboratorio","url_laboratorio","nvarchar","none","1","1","0",,,"1.0"
"tema_litogl_tc_laboratorio","tema_litogl_tc_txt_url_web_service","Lito-Gl_tc_txt_url_web_service","nvarchar","none","1","1","0",,,"1.0"
"tema_litogl_tc_laboratorio","timezoneruleversionnumber","Número de versión de regla de zona horaria","int","none","0","0","0",,,"1.0"
"tema_litogl_tc_laboratorio","utcconversiontimezonecode","Código de zona horaria de conversión UTC","int","none","0","0","0",,,"1.0"
"tema_litogl_tc_proyectos","createdby","Autor","lookup","none","0","0","0",,,"1.0"
"tema_litogl_tc_proyectos","createdon","Fecha de creación","datetime","none","0","0","0",,,"1.0"
"tema_litogl_tc_proyectos","createdonbehalfby","Autor (delegado)","lookup","none","0","0","0",,,"1.0"
"tema_litogl_tc_proyectos","importsequencenumber","Número de secuencia de importación","int","none","0","1","0",,,"1.0"
"tema_litogl_tc_proyectos","modifiedby","Modificado por","lookup","none","0","0","0",,,"1.0"
"tema_litogl_tc_proyectos","modifiedon","Fecha de modificación","datetime","none","0","0","0",,,"1.0"
"tema_litogl_tc_proyectos","modifiedonbehalfby","Modificado por (delegado)","lookup","none","0","0","0",,,"1.0"
"tema_litogl_tc_proyectos","overriddencreatedon","Fecha de creación del registro","datetime","none","0","1","0",,,"1.0"
"tema_litogl_tc_proyectos","ownerid","Propietario","owner","systemrequired","0","1","0",,,"1.0"
"tema_litogl_tc_proyectos","owningbusinessunit","Unidad de negocio propietaria","lookup","0","0","1","0",,,"1.0"
"tema_litogl_tc_proyectos","owningteam","Equipo propietario","lookup","none","0","0","0",,,"1.0"
"tema_litogl_tc_proyectos","owninguser","Usuario propietario","lookup","none","0","0","0",,,"1.0"
"tema_litogl_tc_proyectos","statecode","Estado","state","systemrequired","0","1","0","tema_litogl_tc_proyectos_statecode","2","1.0"
"tema_litogl_tc_proyectos","statuscode","Razón para el estado","status","none","0","1","0","tema_litogl_tc_proyectos_statuscode","2","1.0"
"tema_litogl_tc_proyectos","tema_codigo_proyecto","codigo_proyecto","nvarchar","required","1","1","0",,,"1.0"
"tema_litogl_tc_proyectos","tema_litogl_tc_cp_idproyecto","Lito-Gl tc cp Id Proyecto","nvarchar","none","1","1","0",,,"1.0"
"tema_litogl_tc_proyectos","tema_litogl_tc_proyectosid","Lito-Gl_tc_Proyectos","primarykey","systemrequired","0","0","0",,,"1.0"
"tema_litogl_tc_proyectos","tema_litogl_tc_txt_carpeta_proyecto","URL Proyecto","nvarchar","none","1","1","0",,,"1.0"
"tema_litogl_tc_proyectos","tema_litogl_tr_bu_id_cliente","Cliente","lookup","none","1","0","0",,,"1.0.0.3"
"tema_litogl_tc_proyectos","tema_nombreproyecto","Nombre Proyecto","nvarchar","none","1","1","0",,,"1.0"
"tema_litogl_tc_proyectos","timezoneruleversionnumber","Número de versión de regla de zona horaria","int","none","0","0","0",,,"1.0"
"tema_litogl_tc_proyectos","utcconversiontimezonecode","Código de zona horaria de conversión UTC","int","none","0","0","0",,,"1.0"
"tema_litogl_tp_campaniasanalitica","createdby","Autor","lookup","none","0","0","0",,,"1.0"
"tema_litogl_tp_campaniasanalitica","createdon","Fecha de creación","datetime","none","0","0","0",,,"1.0"
"tema_litogl_tp_campaniasanalitica","createdonbehalfby","Autor (delegado)","lookup","none","0","0","0",,,"1.0"
"tema_litogl_tp_campaniasanalitica","importsequencenumber","Número de secuencia de importación","int","none","0","1","0",,,"1.0"
"tema_litogl_tp_campaniasanalitica","modifiedby","Modificado por","lookup","none","0","0","0",,,"1.0"
"tema_litogl_tp_campaniasanalitica","modifiedon","Fecha de modificación","datetime","none","0","0","0",,,"1.0"
"tema_litogl_tp_campaniasanalitica","modifiedonbehalfby","Modificado por (delegado)","lookup","none","0","0","0",,,"1.0"
"tema_litogl_tp_campaniasanalitica","overriddencreatedon","Fecha de creación del registro","datetime","none","0","1","0",,,"1.0"
"tema_litogl_tp_campaniasanalitica","ownerid","Responsable Campaña","owner","systemrequired","0","1","0",,,"1.0"
"tema_litogl_tp_campaniasanalitica","owningbusinessunit","Unidad de negocio propietaria","lookup","0","0","1","0",,,"1.0"
"tema_litogl_tp_campaniasanalitica","owningteam","Equipo propietario","lookup","none","0","0","0",,,"1.0"
"tema_litogl_tp_campaniasanalitica","owninguser","Usuario propietario","lookup","none","0","0","0",,,"1.0"
"tema_litogl_tp_campaniasanalitica","processid","Id. de proceso","uniqueidentifier","none","0","1","0",,,"1.0"
"tema_litogl_tp_campaniasanalitica","stageid","(Obsoleto) Id. de fase","uniqueidentifier","none","0","1","0",,,"1.0"
"tema_litogl_tp_campaniasanalitica","statecode","Estado","state","systemrequired","0","1","0","tema_litogl_tp_campaniasanalitica_statecode","2","1.0"
"tema_litogl_tp_campaniasanalitica","statuscode","Razón para el estado","status","none","0","1","0","tema_litogl_tp_campaniasanalitica_statuscode","2","1.0"
"tema_litogl_tp_campaniasanalitica","tema_ejecucion_completada","Ejecucion_completada","bit","required","1","1","0","tema_litogl_tp_campaniasanalitica_tema_ejecucion_completada","2","1.0.0.0"
"tema_litogl_tp_campaniasanalitica","tema_litogl_tc_txt_carpeta_campana","URL Carpeta Campaña","nvarchar","none","1","1","0",,,"1.0.0.0"
"tema_litogl_tp_campaniasanalitica","tema_litogl_tp_bu_idlaboratorio","Laboratorio","lookup","required","1","0","0",,,"1.0.0.0"
"tema_litogl_tp_campaniasanalitica","tema_litogl_tp_bu_idproyecto","Proyecto","lookup","required","1","0","0",,,"1.0.0.0"
"tema_litogl_tp_campaniasanalitica","tema_litogl_tp_campaniasanaliticaid","Lito-Gl_tp_Campanias Analitica","primarykey","systemrequired","0","0","0",,,"1.0"
"tema_litogl_tp_campaniasanalitica","tema_litogl_tp_cp_idcampania","Lito-Gl tp cp Id Campania","nvarchar","none","1","1","0",,,"1.0"
"tema_litogl_tp_campaniasanalitica","tema_litogl_tp_dat_fecha_entrega_estimada","Fecha Entrega Estimada","datetime","none","1","1","0",,,"1.0"
"tema_litogl_tp_campaniasanalitica","tema_litogl_tp_dat_fecha_factura","Fecha_Factura","datetime","none","1","1","0",,,"1.0"
"tema_litogl_tp_campaniasanalitica","tema_litogl_tp_dat_fecha_informe","Lito-Gl_tp_dat_Fecha_Informe","datetime","none","1","1","0",,,"1.0"
"tema_litogl_tp_campaniasanalitica","tema_litogl_tp_dat_fecha_proforma","Fecha_Proforma","datetime","none","1","1","0",,,"1.0"
"tema_litogl_tp_campaniasanalitica","tema_litogl_tp_dat_fecha_recepcion","Fecha_Recepcion","datetime","none","1","1","0",,,"1.0"
"tema_litogl_tp_campaniasanalitica","tema_litogl_tp_dat_fecha_registro","Fecha_Registro","datetime","none","1","1","0",,,"1.0"
"tema_litogl_tp_campaniasanalitica","tema_litogl_tp_dat_fecha_solicitud","Fecha Solicitud","datetime","none","1","1","0",,,"1.0"
"tema_litogl_tp_campaniasanalitica","tema_litogl_tp_dat_fecha_validacion","Lito-Gl_tp_dat_Fecha_Validacion","datetime","none","1","1","0",,,"1.0"
"tema_litogl_tp_campaniasanalitica","tema_litogl_tp_dat_fecha_validacion_proforma","Fecha_Validacion_Proforma","datetime","none","1","1","0",,,"1.0"
"tema_litogl_tp_campaniasanalitica","tema_litogl_tp_dat_fecha_vencimiento","Lito-Gl_tp_dat_Fecha_Vencimiento","datetime","none","1","1","0",,,"1.0"
"tema_litogl_tp_campaniasanalitica","tema_litogl_tp_dat_fecha_vencimiento_proforma","Fecha_Vencimiento_Proforma","datetime","none","1","1","0",,,"1.0"
"tema_litogl_tp_campaniasanalitica","tema_litogl_tp_dat_fechafinplanificada","Fecha Fin","datetime","none","1","1","0",,,"1.0"
"tema_litogl_tp_campaniasanalitica","tema_litogl_tp_dat_fechainicioplanificada","Fecha Inicio","datetime","none","1","1","0",,,"1.0"
"tema_litogl_tp_campaniasanalitica","tema_litogl_tp_dec_diferencia_monto","Lito-Gl_tp_dec_Diferencia_Monto","decimal","none","1","1","0",,,"1.0"
"tema_litogl_tp_campaniasanalitica","tema_litogl_tp_dec_monto_factura","Monto_Factura","nvarchar","none","1","1","0",,,"1.0"
"tema_litogl_tp_campaniasanalitica","tema_litogl_tp_dec_monto_pago_final","Monto_Pago_Final","int","none","1","1","0",,,"1.0"
"tema_litogl_tp_campaniasanalitica","tema_litogl_tp_dec_monto_proforma","Monto_Proforma","decimal","none","1","1","0",,,"1.0"
"tema_litogl_tp_campaniasanalitica","tema_litogl_tp_dec_monto_proforma_final","Monto_Proforma_Final","decimal","none","1","1","0",,,"1.0"
"tema_litogl_tp_campaniasanalitica","tema_litogl_tp_dec_monto_provision","Lito-Gl_tp_dec_Monto_Provision","decimal","none","1","1","0",,,"1.0"
"tema_litogl_tp_campaniasanalitica","tema_litogl_tp_dec_monto_provision_original","Lito-Gl_tp_dec_Monto_Provision_Original","decimal","none","1","1","0",,,"1.0"
"tema_litogl_tp_campaniasanalitica","tema_litogl_tp_dec_porcentajecompletado","Porcentaje Completado","decimal","none","1","1","0",,,"1.0"
"tema_litogl_tp_campaniasanalitica","tema_litogl_tp_fx_nombreetapa","Nombre Etapa","nvarchar","none","1","0","0",,,"1.0.0.10"
"tema_litogl_tp_campaniasanalitica","tema_litogl_tp_fx_respcontab","Responsabilidad Contabilidad","nvarchar","none","1","0","0",,,"1.0.0.10"
"tema_litogl_tp_campaniasanalitica","tema_litogl_tp_fx_respedicion","Responsabilidad Edición","nvarchar","none","1","0","0",,,"1.0.0.10"
"tema_litogl_tp_campaniasanalitica","tema_litogl_tp_fx_resptecnico","Responsabilidad Técnico","nvarchar","none","1","0","0",,,"1.0.0.10"
"tema_litogl_tp_campaniasanalitica","tema_litogl_tp_int_etapaactualid","Etapa Actual","int","none","1","1","0",,,"1.0"
"tema_litogl_tp_campaniasanalitica","tema_litogl_tp_op_accion_provision","Accion_Provision","picklist","none","1","1","0","tema_accion_provision","3","1.0.0.3"
"tema_litogl_tp_campaniasanalitica","tema_litogl_tp_op_estadogeneral","Estado General","picklist","none","1","1","0","tema_litoglestadocampana","3","1.0.0.0"
"tema_litogl_tp_campaniasanalitica","tema_litogl_tp_op_tipocamapania","Tipo Camapaña","picklist","none","1","1","0","tema_litogltipocampania","2","1.0.0.0"
"tema_litogl_tp_campaniasanalitica","tema_litogl_tp_txt_codigo_nexus_final","Codigo_Nexus_Final","nvarchar","none","1","1","0",,,"1.0"
"tema_litogl_tp_campaniasanalitica","tema_litogl_tp_txt_codigo_nexus_provision","Código Nexus","nvarchar","none","1","1","0",,,"1.0"
"tema_litogl_tp_campaniasanalitica","tema_litogl_tp_txt_constancia_pedido","Constancia Pedido","nvarchar","none","1","1","0",,,"1.0"
"tema_litogl_tp_campaniasanalitica","tema_litogl_tp_txt_documento_validacion","Lito-Gl_tp_txt_Documento_Validacion","nvarchar","none","1","1","0",,,"1.0"
"tema_litogl_tp_campaniasanalitica","tema_litogl_tp_txt_documentos_campana","Documentos Campaña","nvarchar","none","1","1","0",,,"1.0"
"tema_litogl_tp_campaniasanalitica","tema_litogl_tp_txt_evidencias_campo","Evidencias campo","nvarchar","none","1","1","0",,,"1.0"
"tema_litogl_tp_campaniasanalitica","tema_litogl_tp_txt_factura","Factura","nvarchar","none","1","1","0",,,"1.0"
"tema_litogl_tp_campaniasanalitica","tema_litogl_tp_txt_infensayo","Informe Ensayo","nvarchar","none","1","1","0",,,"1.0"
"tema_litogl_tp_campaniasanalitica","tema_litogl_tp_txt_link_nexus_provision","Lito-Gl_tp_txt_Link_Nexus_Provision","nvarchar","none","1","1","0",,,"1.0"
"tema_litogl_tp_campaniasanalitica","tema_litogl_tp_txt_nombrecampania","Nombre Campaña","nvarchar","required","1","1","0",,,"1.0"
"tema_litogl_tp_campaniasanalitica","tema_litogl_tp_txt_numero_factura","Numero_Factura_Final","nvarchar","none","1","1","0",,,"1.0"
"tema_litogl_tp_campaniasanalitica","tema_litogl_tp_txt_numero_informe_resultados","Lito-Gl_tp_txt_Numero_Informe_Resultados","nvarchar","none","1","1","0",,,"1.0"
"tema_litogl_tp_campaniasanalitica","tema_litogl_tp_txt_numero_recepcion_lab","Número Recepción","nvarchar","none","1","1","0",,,"1.0"
"tema_litogl_tp_campaniasanalitica","tema_litogl_tp_txt_observaciones_factura","Lito-Gl_tp_txt_Observaciones_Factura","nvarchar","none","1","0","0",,,"1.0"
"tema_litogl_tp_campaniasanalitica","tema_litogl_tp_txt_observaciones_informe","Lito-Gl_tp_txt_Observaciones_Informe","nvarchar","none","1","0","0",,,"1.0"
"tema_litogl_tp_campaniasanalitica","tema_litogl_tp_txt_observaciones_solicitud","Observaciones","nvarchar","none","1","1","0",,,"1.0"
"tema_litogl_tp_campaniasanalitica","tema_litogl_tp_txt_observaciones_tecnicas","Lito-Gl_tp_txt_Observaciones_Tecnicas","nvarchar","none","1","0","0",,,"1.0"
"tema_litogl_tp_campaniasanalitica","tema_litogl_tp_txt_observaciones_validacion_proforma","Observaciones_Validacion_Proforma","nvarchar","none","1","1","0",,,"1.0"
"tema_litogl_tp_campaniasanalitica","tema_litogl_tp_txt_proforma","Proforma","nvarchar","none","1","1","0",,,"1.0"
"tema_litogl_tp_campaniasanalitica","tema_litogl_tp_txt_receplab","Recepción Laboratorio","nvarchar","none","1","1","0",,,"1.0"
"tema_litogl_tp_campaniasanalitica","tema_litogl_tp_txt_url_laboratorio","Acuerdos Comerciales","nvarchar","none","1","1","0",,,"1.0"
"tema_litogl_tp_campaniasanalitica","tema_planificacion_completada","Planificación completada","bit","required","1","1","0","tema_litogl_tp_campaniasanalitica_tema_planificacion_completada","2","1.0.0.0"
"tema_litogl_tp_campaniasanalitica","tema_provision_completada","Provisión_Completada","bit","none","1","1","0","tema_litogl_tp_campaniasanalitica_tema_provision_completada","2","1.0.0.0"
"tema_litogl_tp_campaniasanalitica","tema_recepcion_factura_completada","Recepcion_factura_completada","bit","required","1","1","0","tema_litogl_tp_campaniasanalitica_tema_recepcion_factura_completada","2","1.0.0.0"
"tema_litogl_tp_campaniasanalitica","tema_recepcion_muestra_completada","Recepcion_muestra_completada","bit","required","1","1","0","tema_litogl_tp_campaniasanalitica_tema_recepcion_muestra_completada","2","1.0.0.0"
"tema_litogl_tp_campaniasanalitica","tema_recepcion_proforma_completada","Recepcion_proforma_completada","bit","required","1","1","0","tema_litogl_tp_campaniasanalitica_tema_recepcion_proforma_completada","2","1.0.0.0"
"tema_litogl_tp_campaniasanalitica","tema_recepcion_resultados_completado","Recepcion_resultados_completado","bit","required","1","1","0","tema_litogl_tp_campaniasanalitica_tema_recepcion_resultados_completado","2","1.0.0.0"
"tema_litogl_tp_campaniasanalitica","tema_registro_nexus_completado","registro_nexus_completado","bit","required","1","1","0","tema_litogl_tp_campaniasanalitica_tema_registro_nexus_completado","2","1.0.0.0"
"tema_litogl_tp_campaniasanalitica","tema_solicitud_completada","Solicitud_completada","bit","required","1","1","0","tema_litogl_tp_campaniasanalitica_tema_solicitud_completada","2","1.0.0.0"
"tema_litogl_tp_campaniasanalitica","tema_validacion_proforma_completada","Validacion_proforma_completada","bit","none","1","1","0","tema_litogl_tp_campaniasanalitica_tema_validacion_proforma_completada","2","1.0.0.0"
"tema_litogl_tp_campaniasanalitica","tema_validacion_resultados_completados","Validacion_resultados_completados","bit","required","1","1","0","tema_litogl_tp_campaniasanalitica_tema_validacion_resultados_completados","2","1.0.0.0"
"tema_litogl_tp_campaniasanalitica","timezoneruleversionnumber","Número de versión de regla de zona horaria","int","none","0","0","0",,,"1.0"
"tema_litogl_tp_campaniasanalitica","traversedpath","(Obsoleto) Ruta recorrida","nvarchar","none","0","1","0",,,"1.0"
"tema_litogl_tp_campaniasanalitica","utcconversiontimezonecode","Código de zona horaria de conversión UTC","int","none","0","0","0",,,"1.0"
"tema_litoglcampanaejecucion","createdby","Autor","lookup","none","0","0","0",,,"1.0"
"tema_litoglcampanaejecucion","createdon","Fecha de creación","datetime","none","0","0","0",,,"1.0"
"tema_litoglcampanaejecucion","createdonbehalfby","Autor (delegado)","lookup","none","0","0","0",,,"1.0"
"tema_litoglcampanaejecucion","importsequencenumber","Número de secuencia de importación","int","none","0","1","0",,,"1.0"
"tema_litoglcampanaejecucion","modifiedby","Modificado por","lookup","none","0","0","0",,,"1.0"
"tema_litoglcampanaejecucion","modifiedon","Fecha de modificación","datetime","none","0","0","0",,,"1.0"
"tema_litoglcampanaejecucion","modifiedonbehalfby","Modificado por (delegado)","lookup","none","0","0","0",,,"1.0"
"tema_litoglcampanaejecucion","overriddencreatedon","Fecha de creación del registro","datetime","none","0","1","0",,,"1.0"
"tema_litoglcampanaejecucion","ownerid","Propietario","owner","systemrequired","0","1","0",,,"1.0"
"tema_litoglcampanaejecucion","owningbusinessunit","Unidad de negocio propietaria","lookup","0","0","1","0",,,"1.0"
"tema_litoglcampanaejecucion","owningteam","Equipo propietario","lookup","none","0","0","0",,,"1.0"
"tema_litoglcampanaejecucion","owninguser","Usuario propietario","lookup","none","0","0","0",,,"1.0"
"tema_litoglcampanaejecucion","processid","Id. de proceso","uniqueidentifier","none","0","1","0",,,"1.0"
"tema_litoglcampanaejecucion","stageid","(Obsoleto) Id. de fase","uniqueidentifier","none","0","1","0",,,"1.0"
"tema_litoglcampanaejecucion","statecode","Estado","state","systemrequired","0","1","0","tema_litoglcampanaejecucion_statecode","2","1.0"
"tema_litoglcampanaejecucion","statuscode","Razón para el estado","status","none","0","1","0","tema_litoglcampanaejecucion_statuscode","2","1.0"
"tema_litoglcampanaejecucion","tema_litogl_tp_cp_id_ejecucion","Lito-Gl tp cp ID Ejecucion","nvarchar","required","1","1","0",,,"1.0"
"tema_litoglcampanaejecucion","tema_litogl_tp_dat_fecha_ejecucion","Lito-Gl_tp_dat_Fecha_Ejecucion","datetime","none","1","1","0",,,"1.0"
"tema_litoglcampanaejecucion","tema_litogl_tp_int_muestras_planificadas","Lito-Gl_tp_int_Muestras_Planificadas","int","none","1","1","0",,,"1.0"
"tema_litoglcampanaejecucion","tema_litogl_tp_int_muestras_reales","Lito-Gl_tp_int_Muestras_Reales","int","none","1","1","0",,,"1.0"
"tema_litoglcampanaejecucion","tema_litogl_tp_op_ejecucion_completada","Lito-Gl_tp_op_Ejecucion_Completada","bit","required","1","1","0","tema_litoglcampanaejecucion_tema_litogl_tp_op_ejecucion_completada","2","1.0.0.0"
"tema_litoglcampanaejecucion","tema_litogl_tp_txt_condiciones_campo","Lito-Gl_tp_txt_Condiciones_Campo","nvarchar","none","1","1","0",,,"1.0"
"tema_litoglcampanaejecucion","tema_litogl_tp_txt_id_campana","Lito-Gl_tp_bu_id_campaña","lookup","required","1","0","0",,,"1.0.0.0"
"tema_litoglcampanaejecucion","tema_litogl_tp_txt_id_paquete","Lito-Gl_tp_txt_id_paquete","lookup","none","1","0","0",,,"1.0.0.0"
"tema_litoglcampanaejecucion","tema_litoglcampanaejecucionid","Lito-Gl-Campaña-Ejecucion","primarykey","systemrequired","0","0","0",,,"1.0"
"tema_litoglcampanaejecucion","timezoneruleversionnumber","Número de versión de regla de zona horaria","int","none","0","0","0",,,"1.0"
"tema_litoglcampanaejecucion","traversedpath","(Obsoleto) Ruta recorrida","nvarchar","none","0","1","0",,,"1.0"
"tema_litoglcampanaejecucion","utcconversiontimezonecode","Código de zona horaria de conversión UTC","int","none","0","0","0",,,"1.0"
"tema_litoglcampanaequipo","crc1d_litogl_tr_bu_idcampana","Campaña","lookup","required","1","0","0",,,"1.0.0.0"
"tema_litoglcampanaequipo","createdby","Autor","lookup","none","0","0","0",,,"1.0"
"tema_litoglcampanaequipo","createdon","Fecha de creación","datetime","none","0","0","0",,,"1.0"
"tema_litoglcampanaequipo","createdonbehalfby","Autor (delegado)","lookup","none","0","0","0",,,"1.0"
"tema_litoglcampanaequipo","importsequencenumber","Número de secuencia de importación","int","none","0","1","0",,,"1.0"
"tema_litoglcampanaequipo","modifiedby","Modificado por","lookup","none","0","0","0",,,"1.0"
"tema_litoglcampanaequipo","modifiedon","Fecha de modificación","datetime","none","0","0","0",,,"1.0"
"tema_litoglcampanaequipo","modifiedonbehalfby","Modificado por (delegado)","lookup","none","0","0","0",,,"1.0"
"tema_litoglcampanaequipo","overriddencreatedon","Fecha de creación del registro","datetime","none","0","1","0",,,"1.0"
"tema_litoglcampanaequipo","ownerid","Propietario","owner","systemrequired","0","1","0",,,"1.0"
"tema_litoglcampanaequipo","owningbusinessunit","Unidad de negocio propietaria","lookup","0","0","1","0",,,"1.0"
"tema_litoglcampanaequipo","owningteam","Equipo propietario","lookup","none","0","0","0",,,"1.0"
"tema_litoglcampanaequipo","owninguser","Usuario propietario","lookup","none","0","0","0",,,"1.0"
"tema_litoglcampanaequipo","statecode","Estado","state","systemrequired","0","1","0","tema_litoglcampanaequipo_statecode","2","1.0"
"tema_litoglcampanaequipo","statuscode","Razón para el estado","status","none","0","1","0","tema_litoglcampanaequipo_statuscode","2","1.0"
"tema_litoglcampanaequipo","tema_litogl_tr_bu_id_proyecto","Proyecto","lookup","required","1","0","0",,,"1.0.0.2"
"tema_litoglcampanaequipo","tema_litogl_tr_bu_idperfil","Id Perfil","lookup","none","1","0","0",,,"1.0.0.0"
"tema_litoglcampanaequipo","tema_litogl_tr_bu_idusuario","Usuario","lookup","required","1","0","0",,,"1.0.0.2"
"tema_litoglcampanaequipo","tema_litogl_tr_cp_idcampanaequipo","Lito-Gl tr cp Id Campana Equipo","nvarchar","none","1","1","0",,,"1.0"
"tema_litoglcampanaequipo","tema_litogl_tr_op_rol_usuario","Rol usuario","picklist","required","1","1","0","tema_litoglperfilusuario","6","1.0.0.10"
"tema_litoglcampanaequipo","tema_litoglcampanaequipoid","Lito-Gl-Campaña-Equipo","primarykey","systemrequired","0","0","0",,,"1.0"
"tema_litoglcampanaequipo","timezoneruleversionnumber","Número de versión de regla de zona horaria","int","none","0","0","0",,,"1.0"
"tema_litoglcampanaequipo","utcconversiontimezonecode","Código de zona horaria de conversión UTC","int","none","0","0","0",,,"1.0"
"tema_litoglcampanaincidencias","createdby","Autor","lookup","none","0","0","0",,,"1.0"
"tema_litoglcampanaincidencias","createdon","Fecha de creación","datetime","none","0","0","0",,,"1.0"
"tema_litoglcampanaincidencias","createdonbehalfby","Autor (delegado)","lookup","none","0","0","0",,,"1.0"
"tema_litoglcampanaincidencias","importsequencenumber","Número de secuencia de importación","int","none","0","1","0",,,"1.0"
"tema_litoglcampanaincidencias","modifiedby","Modificado por","lookup","none","0","0","0",,,"1.0"
"tema_litoglcampanaincidencias","modifiedon","Fecha de modificación","datetime","none","0","0","0",,,"1.0"
"tema_litoglcampanaincidencias","modifiedonbehalfby","Modificado por (delegado)","lookup","none","0","0","0",,,"1.0"
"tema_litoglcampanaincidencias","overriddencreatedon","Fecha de creación del registro","datetime","none","0","1","0",,,"1.0"
"tema_litoglcampanaincidencias","ownerid","Propietario","owner","systemrequired","0","1","0",,,"1.0"
"tema_litoglcampanaincidencias","owningbusinessunit","Unidad de negocio propietaria","lookup","0","0","1","0",,,"1.0"
"tema_litoglcampanaincidencias","owningteam","Equipo propietario","lookup","none","0","0","0",,,"1.0"
"tema_litoglcampanaincidencias","owninguser","Usuario propietario","lookup","none","0","0","0",,,"1.0"
"tema_litoglcampanaincidencias","statecode","Estado","state","systemrequired","0","1","0","tema_litoglcampanaincidencias_statecode","2","1.0"
"tema_litoglcampanaincidencias","statuscode","Razón para el estado","status","none","0","1","0","tema_litoglcampanaincidencias_statuscode","2","1.0"
"tema_litoglcampanaincidencias","tema_litogl_tp_dat_fecha_hora_notificacion","Lito-Gl_tp_dat_fecha_hora_notificacion","datetime","none","1","1","0",,,"1.0"
"tema_litoglcampanaincidencias","tema_litogl_tp_op_estado_incidencia","Lito-Gl_tp_op_estado_incidencia","picklist","none","1","1","0","tema_estado_incidencia","3","1.0.0.6"
"tema_litoglcampanaincidencias","tema_litogl_tp_op_etapa_campana","Etapa campaña","picklist","none","1","1","0","tema_etapa_campana_incidencia","11","1.0.0.6"
"tema_litoglcampanaincidencias","tema_litogl_tp_op_notificacion_incidencia","Lito-Gl_tp_op_notificacion_incidencia","bit","none","1","1","0","tema_litoglcampanaincidencias_tema_litogl_tp_op_notificacion_incidencia","2","1.0.0.6"
"tema_litoglcampanaincidencias","tema_litogl_tp_op_opcion_severidad","Lito-Gl_tp_op_opcion_severidad","picklist","none","1","1","0","tema_opcion_severidad_incidencia","3","1.0.0.6"
"tema_litoglcampanaincidencias","tema_litogl_tr_bu_id_campana_analitica","Lito-Gl_tr_bu_id_campana_analitica","lookup","required","1","0","0",,,"1.0.0.6"
"tema_litoglcampanaincidencias","tema_litogl_tr_cp_id_campana_incidencia","Lito-Gl tr cp id campana incidencia","nvarchar","required","1","1","0",,,"1.0"
"tema_litoglcampanaincidencias","tema_litogl_tr_txt_detalle_incidencia","Detalle incidencia","nvarchar","none","1","1","0",,,"1.0"
"tema_litoglcampanaincidencias","tema_litogl_tr_txt_nombre_corto_incidencia","Incidencia","nvarchar","required","1","1","0",,,"1.0"
"tema_litoglcampanaincidencias","tema_litoglcampanaincidenciasid","Lito-Gl-Campaña-Incidencias","primarykey","systemrequired","0","0","0",,,"1.0"
"tema_litoglcampanaincidencias","timezoneruleversionnumber","Número de versión de regla de zona horaria","int","none","0","0","0",,,"1.0"
"tema_litoglcampanaincidencias","utcconversiontimezonecode","Código de zona horaria de conversión UTC","int","none","0","0","0",,,"1.0"
"tema_litoglcampanapaquetes","createdby","Autor","lookup","none","0","0","0",,,"1.0"
"tema_litoglcampanapaquetes","createdon","Fecha de creación","datetime","none","0","0","0",,,"1.0"
"tema_litoglcampanapaquetes","createdonbehalfby","Autor (delegado)","lookup","none","0","0","0",,,"1.0"
"tema_litoglcampanapaquetes","importsequencenumber","Número de secuencia de importación","int","none","0","1","0",,,"1.0"
"tema_litoglcampanapaquetes","modifiedby","Modificado por","lookup","none","0","0","0",,,"1.0"
"tema_litoglcampanapaquetes","modifiedon","Fecha de modificación","datetime","none","0","0","0",,,"1.0"
"tema_litoglcampanapaquetes","modifiedonbehalfby","Modificado por (delegado)","lookup","none","0","0","0",,,"1.0"
"tema_litoglcampanapaquetes","overriddencreatedon","Fecha de creación del registro","datetime","none","0","1","0",,,"1.0"
"tema_litoglcampanapaquetes","ownerid","Propietario","owner","systemrequired","0","1","0",,,"1.0"
"tema_litoglcampanapaquetes","owningbusinessunit","Unidad de negocio propietaria","lookup","0","0","1","0",,,"1.0"
"tema_litoglcampanapaquetes","owningteam","Equipo propietario","lookup","none","0","0","0",,,"1.0"
"tema_litoglcampanapaquetes","owninguser","Usuario propietario","lookup","none","0","0","0",,,"1.0"
"tema_litoglcampanapaquetes","statecode","Estado","state","systemrequired","0","1","0","tema_litoglcampanapaquetes_statecode","2","1.0"
"tema_litoglcampanapaquetes","statuscode","Razón para el estado","status","none","0","1","0","tema_litoglcampanapaquetes_statuscode","2","1.0"
"tema_litoglcampanapaquetes","tema_litogl_tp_int_muestras_reales","Cantidad Ejecutada","decimal","none","1","1","0",,,"1.0"
"tema_litoglcampanapaquetes","tema_litogl_tr_cp_idcampanapaquete","Lito-Gl tr cp Id Campana Paquete","nvarchar","none","1","1","0",,,"1.0"
"tema_litoglcampanapaquetes","tema_litogl_tr_cp_idcampania","Campaña","lookup","required","1","0","0",,,"1.0.0.0"
"tema_litoglcampanapaquetes","tema_litogl_tr_cp_idlaboratorio","Laboratorio","lookup","required","1","0","0",,,"1.0.0.0"
"tema_litoglcampanapaquetes","tema_litogl_tr_cp_idpaquete","Paquete","lookup","none","1","0","0",,,"1.0.0.0"
"tema_litoglcampanapaquetes","tema_litogl_tr_int_cantidadplanificada","Cantidad Planificada","int","none","1","1","0",,,"1.0"
"tema_litoglcampanapaquetes","tema_litogl_tr_op_validacion_paquete","Validación","bit","none","1","1","0","tema_litoglcampanapaquetes_tema_litogl_tr_op_validacion_paquete","2","1.0.0.4"
"tema_litoglcampanapaquetes","tema_litogl_tr_txt_observacion_paquete","Observaciones","nvarchar","none","1","1","0",,,"1.0"
"tema_litoglcampanapaquetes","tema_litoglcampanapaquetesid","Lito-Gl-Campaña-Paquetes","primarykey","systemrequired","0","0","0",,,"1.0"
"tema_litoglcampanapaquetes","timezoneruleversionnumber","Número de versión de regla de zona horaria","int","none","0","0","0",,,"1.0"
"tema_litoglcampanapaquetes","utcconversiontimezonecode","Código de zona horaria de conversión UTC","int","none","0","0","0",,,"1.0"
"tema_litoglcampanaproformaslaboratorio","createdby","Autor","lookup","none","0","0","0",,,"1.0"
"tema_litoglcampanaproformaslaboratorio","createdon","Fecha de creación","datetime","none","0","0","0",,,"1.0"
"tema_litoglcampanaproformaslaboratorio","createdonbehalfby","Autor (delegado)","lookup","none","0","0","0",,,"1.0"
"tema_litoglcampanaproformaslaboratorio","importsequencenumber","Número de secuencia de importación","int","none","0","1","0",,,"1.0"
"tema_litoglcampanaproformaslaboratorio","modifiedby","Modificado por","lookup","none","0","0","0",,,"1.0"
"tema_litoglcampanaproformaslaboratorio","modifiedon","Fecha de modificación","datetime","none","0","0","0",,,"1.0"
"tema_litoglcampanaproformaslaboratorio","modifiedonbehalfby","Modificado por (delegado)","lookup","none","0","0","0",,,"1.0"
"tema_litoglcampanaproformaslaboratorio","overriddencreatedon","Fecha de creación del registro","datetime","none","0","1","0",,,"1.0"
"tema_litoglcampanaproformaslaboratorio","ownerid","Propietario","owner","systemrequired","0","1","0",,,"1.0"
"tema_litoglcampanaproformaslaboratorio","owningbusinessunit","Unidad de negocio propietaria","lookup","0","0","1","0",,,"1.0"
"tema_litoglcampanaproformaslaboratorio","owningteam","Equipo propietario","lookup","none","0","0","0",,,"1.0"
"tema_litoglcampanaproformaslaboratorio","owninguser","Usuario propietario","lookup","none","0","0","0",,,"1.0"
"tema_litoglcampanaproformaslaboratorio","statecode","Estado","state","systemrequired","0","1","0","tema_litoglcampanaproformaslaboratorio_statecode","2","1.0"
"tema_litoglcampanaproformaslaboratorio","statuscode","Razón para el estado","status","none","0","1","0","tema_litoglcampanaproformaslaboratorio_statuscode","2","1.0"
"tema_litoglcampanaproformaslaboratorio","tema_litogl_tp_bu_validacion_tecnica","Lito-Gl_tp_bu_Validacion_Tecnica","lookup","required","1","0","0",,,"1.0.0.0"
"tema_litoglcampanaproformaslaboratorio","tema_litogl_tp_cp_id_proforma","Lito-Gl tp cp ID Proforma","nvarchar","required","1","1","0",,,"1.0"
"tema_litoglcampanaproformaslaboratorio","tema_litogl_tp_dat_fecha_proforma","Lito-Gl_tp_dat_Fecha_Proforma","datetime","none","1","1","0",,,"1.0"
"tema_litoglcampanaproformaslaboratorio","tema_litogl_tp_dat_fecha_vencimiento","Lito-Gl_tp_dat_Fecha_Vencimiento","datetime","none","1","1","0",,,"1.0"
"tema_litoglcampanaproformaslaboratorio","tema_litogl_tp_dec_monto_proforma","Lito-Gl_tp_dec_Monto_Proforma","decimal","none","1","1","0",,,"1.0"
"tema_litoglcampanaproformaslaboratorio","tema_litogl_tp_op_estado_proforma","Lito-Gl_tp_op_Estado_Proforma","picklist","none","1","1","0","tema_litoglestadoproforma","4","1.0.0.0"
"tema_litoglcampanaproformaslaboratorio","tema_litogl_tp_op_moneda","Lito-Gl_tp_op_Moneda","picklist","none","1","1","0","tema_moneda","3","1.0.0.0"
"tema_litoglcampanaproformaslaboratorio","tema_litogl_tp_op_proforma_completada","Lito-Gl_tp_op_Proforma_Completada","bit","required","1","1","0","tema_litoglcampanaproformaslaboratorio_tema_litogl_tp_op_proforma_completada","2","1.0.0.0"
"tema_litoglcampanaproformaslaboratorio","tema_litogl_tp_txt_archivo_proforma","Lito-Gl_tp_txt_Archivo_Proforma","nvarchar","none","1","1","0",,,"1.0"
"tema_litoglcampanaproformaslaboratorio","tema_litogl_tp_txt_numero_proforma","Lito-Gl_tp_txt_Numero_Proforma","nvarchar","none","1","1","0",,,"1.0"
"tema_litoglcampanaproformaslaboratorio","tema_litogl_tp_txt_observaciones","Lito-Gl_tp_txt_Observaciones","nvarchar","none","1","1","0",,,"1.0"
"tema_litoglcampanaproformaslaboratorio","tema_litoglcampanaproformaslaboratorioid","Lito-GL-Campaña-Proformas-Laboratorio","primarykey","systemrequired","0","0","0",,,"1.0"
"tema_litoglcampanaproformaslaboratorio","timezoneruleversionnumber","Número de versión de regla de zona horaria","int","none","0","0","0",,,"1.0"
"tema_litoglcampanaproformaslaboratorio","utcconversiontimezonecode","Código de zona horaria de conversión UTC","int","none","0","0","0",,,"1.0"
"tema_litoglcampanaprovisiones","createdby","Autor","lookup","none","0","0","0",,,"1.0"
"tema_litoglcampanaprovisiones","createdon","Fecha de creación","datetime","none","0","0","0",,,"1.0"
"tema_litoglcampanaprovisiones","createdonbehalfby","Autor (delegado)","lookup","none","0","0","0",,,"1.0"
"tema_litoglcampanaprovisiones","importsequencenumber","Número de secuencia de importación","int","none","0","1","0",,,"1.0"
"tema_litoglcampanaprovisiones","modifiedby","Modificado por","lookup","none","0","0","0",,,"1.0"
"tema_litoglcampanaprovisiones","modifiedon","Fecha de modificación","datetime","none","0","0","0",,,"1.0"
"tema_litoglcampanaprovisiones","modifiedonbehalfby","Modificado por (delegado)","lookup","none","0","0","0",,,"1.0"
"tema_litoglcampanaprovisiones","overriddencreatedon","Fecha de creación del registro","datetime","none","0","1","0",,,"1.0"
"tema_litoglcampanaprovisiones","ownerid","Propietario","owner","systemrequired","0","1","0",,,"1.0"
"tema_litoglcampanaprovisiones","owningbusinessunit","Unidad de negocio propietaria","lookup","0","0","1","0",,,"1.0"
"tema_litoglcampanaprovisiones","owningteam","Equipo propietario","lookup","none","0","0","0",,,"1.0"
"tema_litoglcampanaprovisiones","owninguser","Usuario propietario","lookup","none","0","0","0",,,"1.0"
"tema_litoglcampanaprovisiones","processid","Id. de proceso","uniqueidentifier","none","0","1","0",,,"1.0"
"tema_litoglcampanaprovisiones","statecode","Estado","state","systemrequired","0","1","0","tema_litoglcampanaprovisiones_statecode","2","1.0"
"tema_litoglcampanaprovisiones","statuscode","Razón para el estado","status","none","0","1","0","tema_litoglcampanaprovisiones_statuscode","2","1.0"
"tema_litoglcampanaprovisiones","tema_litogl_tp_bu_id_campana","Lito-Gl_tp_bu_id_campaña","lookup","required","1","0","0",,,"1.0.0.0"
"tema_litoglcampanaprovisiones","tema_litogl_tp_bu_solicitud_laboratorio","Lito-Gl_tp_bu_Solicitud_Laboratorio","lookup","required","1","0","0",,,"1.0.0.0"
"tema_litoglcampanaprovisiones","tema_litogl_tp_cp_id_provision","Lito-Gl tp cp ID Provision","nvarchar","required","1","1","0",,,"1.0"
"tema_litoglcampanaprovisiones","tema_litogl_tp_dat_fecha_provision","Lito-Gl_tp_dat_Fecha_Provision","datetime","none","1","1","0",,,"1.0"
"tema_litoglcampanaprovisiones","tema_litogl_tp_dec_monto_provision","Lito-Gl_tp_dec_Monto_Provision","decimal","required","1","1","0",,,"1.0"
"tema_litoglcampanaprovisiones","tema_litogl_tp_op_provision_completada","Lito-Gl_tp_op_Provision_Completada","bit","none","1","1","0","tema_litoglcampanaprovisiones_tema_litogl_tp_op_provision_completada","2","1.0.0.0"
"tema_litoglcampanaprovisiones","tema_litogl_tp_txt_codigo_nexus_provision","Lito-Gl_tp_txt_Codigo_Nexus_Provision","nvarchar","none","1","1","0",,,"1.0"
"tema_litoglcampanaprovisiones","tema_litogl_tp_txt_concepto_provision","Lito-Gl_tp_txt_Concepto_Provision","nvarchar","none","1","1","0",,,"1.0"
"tema_litoglcampanaprovisiones","tema_litogl_tp_txt_observaciones","Lito-Gl_tp_txt_Observaciones","nvarchar","none","1","1","0",,,"1.0"
"tema_litoglcampanaprovisiones","tema_litoglcampanaprovisionesid","Lito-GL-Campaña-Provisiones","primarykey","systemrequired","0","0","0",,,"1.0"
"tema_litoglcampanaprovisiones","timezoneruleversionnumber","Número de versión de regla de zona horaria","int","none","0","0","0",,,"1.0"
"tema_litoglcampanaprovisiones","utcconversiontimezonecode","Código de zona horaria de conversión UTC","int","none","0","0","0",,,"1.0"
"tema_litoglcampanarecepcionmuestra","createdby","Autor","lookup","none","0","0","0",,,"1.0"
"tema_litoglcampanarecepcionmuestra","createdon","Fecha de creación","datetime","none","0","0","0",,,"1.0"
"tema_litoglcampanarecepcionmuestra","createdonbehalfby","Autor (delegado)","lookup","none","0","0","0",,,"1.0"
"tema_litoglcampanarecepcionmuestra","importsequencenumber","Número de secuencia de importación","int","none","0","1","0",,,"1.0"
"tema_litoglcampanarecepcionmuestra","modifiedby","Modificado por","lookup","none","0","0","0",,,"1.0"
"tema_litoglcampanarecepcionmuestra","modifiedon","Fecha de modificación","datetime","none","0","0","0",,,"1.0"
"tema_litoglcampanarecepcionmuestra","modifiedonbehalfby","Modificado por (delegado)","lookup","none","0","0","0",,,"1.0"
"tema_litoglcampanarecepcionmuestra","overriddencreatedon","Fecha de creación del registro","datetime","none","0","1","0",,,"1.0"
"tema_litoglcampanarecepcionmuestra","ownerid","Propietario","owner","systemrequired","0","1","0",,,"1.0"
"tema_litoglcampanarecepcionmuestra","owningbusinessunit","Unidad de negocio propietaria","lookup","0","0","1","0",,,"1.0"
"tema_litoglcampanarecepcionmuestra","owningteam","Equipo propietario","lookup","none","0","0","0",,,"1.0"
"tema_litoglcampanarecepcionmuestra","owninguser","Usuario propietario","lookup","none","0","0","0",,,"1.0"
"tema_litoglcampanarecepcionmuestra","processid","Id. de proceso","uniqueidentifier","none","0","1","0",,,"1.0"
"tema_litoglcampanarecepcionmuestra","statecode","Estado","state","systemrequired","0","1","0","tema_litoglcampanarecepcionmuestra_statecode","2","1.0"
"tema_litoglcampanarecepcionmuestra","statuscode","Razón para el estado","status","none","0","1","0","tema_litoglcampanarecepcionmuestra_statuscode","2","1.0"
"tema_litoglcampanarecepcionmuestra","tema_litogl_tp_bu_id_campana","Lito-Gl_tp_bu_id_campaña","lookup","required","1","0","0",,,"1.0.0.0"
"tema_litoglcampanarecepcionmuestra","tema_litogl_tp_bu_solicitud_laboratorio","Lito-Gl_tp_bu_Solicitud_Laboratorio","lookup","required","1","0","0",,,"1.0.0.0"
"tema_litoglcampanarecepcionmuestra","tema_litogl_tp_cp_id_recepcion","Lito-Gl tp cp ID Recepcion","nvarchar","required","1","1","0",,,"1.0"
"tema_litoglcampanarecepcionmuestra","tema_litogl_tp_dat_fecha_recepcion","Lito-Gl_tp_dat_Fecha_Recepcion","datetime","none","1","1","0",,,"1.0"
"tema_litoglcampanarecepcionmuestra","tema_litogl_tp_int_muestras_recibidas","Lito-Gl_tp_int_Muestras_Recibidas","int","none","1","1","0",,,"1.0"
"tema_litoglcampanarecepcionmuestra","tema_litogl_tp_op_recepcion_muestras_completada","Lito-Gl_tp_op_Recepcion_Muestras_Completada","bit","required","1","1","0","tema_litoglcampanarecepcionmuestra_tema_litogl_tp_op_recepcion_muestras_completada","2","1.0.0.0"
"tema_litoglcampanarecepcionmuestra","tema_litogl_tp_txt_numero_recepcion_lab","Lito-Gl_tp_txt_Numero_Recepcion_Lab","nvarchar","none","1","1","0",,,"1.0"
"tema_litoglcampanarecepcionmuestra","tema_litoglcampanarecepcionmuestraid","Lito-GL-Campaña-Recepcion-Muestra","primarykey","systemrequired","0","0","0",,,"1.0"
"tema_litoglcampanarecepcionmuestra","timezoneruleversionnumber","Número de versión de regla de zona horaria","int","none","0","0","0",,,"1.0"
"tema_litoglcampanarecepcionmuestra","utcconversiontimezonecode","Código de zona horaria de conversión UTC","int","none","0","0","0",,,"1.0"
"tema_litoglcampanaresultadosanaliticos","createdby","Autor","lookup","none","0","0","0",,,"1.0"
"tema_litoglcampanaresultadosanaliticos","createdon","Fecha de creación","datetime","none","0","0","0",,,"1.0"
"tema_litoglcampanaresultadosanaliticos","createdonbehalfby","Autor (delegado)","lookup","none","0","0","0",,,"1.0"
"tema_litoglcampanaresultadosanaliticos","importsequencenumber","Número de secuencia de importación","int","none","0","1","0",,,"1.0"
"tema_litoglcampanaresultadosanaliticos","modifiedby","Modificado por","lookup","none","0","0","0",,,"1.0"
"tema_litoglcampanaresultadosanaliticos","modifiedon","Fecha de modificación","datetime","none","0","0","0",,,"1.0"
"tema_litoglcampanaresultadosanaliticos","modifiedonbehalfby","Modificado por (delegado)","lookup","none","0","0","0",,,"1.0"
"tema_litoglcampanaresultadosanaliticos","overriddencreatedon","Fecha de creación del registro","datetime","none","0","1","0",,,"1.0"
"tema_litoglcampanaresultadosanaliticos","ownerid","Propietario","owner","systemrequired","0","1","0",,,"1.0"
"tema_litoglcampanaresultadosanaliticos","owningbusinessunit","Unidad de negocio propietaria","lookup","0","0","1","0",,,"1.0"
"tema_litoglcampanaresultadosanaliticos","owningteam","Equipo propietario","lookup","none","0","0","0",,,"1.0"
"tema_litoglcampanaresultadosanaliticos","owninguser","Usuario propietario","lookup","none","0","0","0",,,"1.0"
"tema_litoglcampanaresultadosanaliticos","statecode","Estado","state","systemrequired","0","1","0","tema_litoglcampanaresultadosanaliticos_statecode","2","1.0"
"tema_litoglcampanaresultadosanaliticos","statuscode","Razón para el estado","status","none","0","1","0","tema_litoglcampanaresultadosanaliticos_statuscode","2","1.0"
"tema_litoglcampanaresultadosanaliticos","tema_litogl_tp_bu_id_campana","Lito-Gl_tp_bu_id_campaña","lookup","required","1","0","0",,,"1.0.0.0"
"tema_litoglcampanaresultadosanaliticos","tema_litogl_tp_bu_id_recepcion","Lito-Gl_tp_bu_ID_Recepcion","lookup","required","1","0","0",,,"1.0.0.0"
"tema_litoglcampanaresultadosanaliticos","tema_litogl_tp_cp_id_resultado","Lito-Gl tp cp ID Resultado","nvarchar","required","1","1","0",,,"1.0"
"tema_litoglcampanaresultadosanaliticos","tema_litogl_tp_dat_fecha_informe","Lito-Gl_tp_dat_Fecha_Informe","datetime","none","1","1","0",,,"1.0"
"tema_litoglcampanaresultadosanaliticos","tema_litogl_tp_op_resultados_completado","Lito-Gl_tp_op_Resultados_Completado","bit","none","1","1","0","tema_litoglcampanaresultadosanaliticos_tema_litogl_tp_op_resultados_completado","2","1.0.0.0"
"tema_litoglcampanaresultadosanaliticos","tema_litogl_tp_txt_numero_informe_resultados","Lito-Gl_tp_txt_Numero_Informe_Resultados","nvarchar","none","1","1","0",,,"1.0"
"tema_litoglcampanaresultadosanaliticos","tema_litogl_tp_txt_observaciones_informe","Lito-Gl_tp_txt_Observaciones_Informe","nvarchar","none","1","1","0",,,"1.0"
"tema_litoglcampanaresultadosanaliticos","tema_litoglcampanaresultadosanaliticosid","Lito-GL-Campaña-Resultados-Analiticos","primarykey","systemrequired","0","0","0",,,"1.0"
"tema_litoglcampanaresultadosanaliticos","timezoneruleversionnumber","Número de versión de regla de zona horaria","int","none","0","0","0",,,"1.0"
"tema_litoglcampanaresultadosanaliticos","utcconversiontimezonecode","Código de zona horaria de conversión UTC","int","none","0","0","0",,,"1.0"
"tema_litoglcampanasolicitud","createdby","Autor","lookup","none","0","0","0",,,"1.0"
"tema_litoglcampanasolicitud","createdon","Fecha de creación","datetime","none","0","0","0",,,"1.0"
"tema_litoglcampanasolicitud","createdonbehalfby","Autor (delegado)","lookup","none","0","0","0",,,"1.0"
"tema_litoglcampanasolicitud","importsequencenumber","Número de secuencia de importación","int","none","0","1","0",,,"1.0"
"tema_litoglcampanasolicitud","modifiedby","Modificado por","lookup","none","0","0","0",,,"1.0"
"tema_litoglcampanasolicitud","modifiedon","Fecha de modificación","datetime","none","0","0","0",,,"1.0"
"tema_litoglcampanasolicitud","modifiedonbehalfby","Modificado por (delegado)","lookup","none","0","0","0",,,"1.0"
"tema_litoglcampanasolicitud","overriddencreatedon","Fecha de creación del registro","datetime","none","0","1","0",,,"1.0"
"tema_litoglcampanasolicitud","ownerid","Propietario","owner","systemrequired","0","1","0",,,"1.0"
"tema_litoglcampanasolicitud","owningbusinessunit","Unidad de negocio propietaria","lookup","0","0","1","0",,,"1.0"
"tema_litoglcampanasolicitud","owningteam","Equipo propietario","lookup","none","0","0","0",,,"1.0"
"tema_litoglcampanasolicitud","owninguser","Usuario propietario","lookup","none","0","0","0",,,"1.0"
"tema_litoglcampanasolicitud","processid","Id. de proceso","uniqueidentifier","none","0","1","0",,,"1.0"
"tema_litoglcampanasolicitud","statecode","Estado","state","systemrequired","0","1","0","tema_litoglcampanasolicitud_statecode","2","1.0"
"tema_litoglcampanasolicitud","statuscode","Razón para el estado","status","none","0","1","0","tema_litoglcampanasolicitud_statuscode","2","1.0"
"tema_litoglcampanasolicitud","tema_litogl_tp_bu_idlaboratorio","Lito-Gl_tp_bu_Id Laboratorio","lookup","none","1","0","0",,,"1.0.0.0"
"tema_litoglcampanasolicitud","tema_litogl_tp_cp_id_solicitud","Lito-Gl tp cp ID Solicitud","nvarchar","required","1","1","0",,,"1.0"
"tema_litoglcampanasolicitud","tema_litogl_tp_dat_fecha_entrega_estimada","Lito-Gl_tp_dat_Fecha_Entrega_Estimada","datetime","none","1","1","0",,,"1.0"
"tema_litoglcampanasolicitud","tema_litogl_tp_dat_fecha_solicitud","Lito-Gl_tp_dat_Fecha_Solicitud","nvarchar","none","1","1","0",,,"1.0"
"tema_litoglcampanasolicitud","tema_litogl_tp_op_solicitud_completada","Lito-Gl_tp_op_Solicitud_Completada","bit","none","1","1","0","tema_litoglcampanasolicitud_tema_litogl_tp_op_solicitud_completada","2","1.0.0.0"
"tema_litoglcampanasolicitud","tema_litogl_tp_txt_id_campana","Lito-Gl_tp_bu_id_campaña","lookup","required","1","0","0",,,"1.0.0.0"
"tema_litoglcampanasolicitud","tema_litogl_tp_txt_observaciones_solicitud","Lito-Gl_tp_txt_Observaciones_Solicitud","nvarchar","none","1","1","0",,,"1.0"
"tema_litoglcampanasolicitud","tema_litoglcampanasolicitudid","Lito-Gl-Campaña-Solicitud","primarykey","systemrequired","0","0","0",,,"1.0"
"tema_litoglcampanasolicitud","timezoneruleversionnumber","Número de versión de regla de zona horaria","int","none","0","0","0",,,"1.0"
"tema_litoglcampanasolicitud","utcconversiontimezonecode","Código de zona horaria de conversión UTC","int","none","0","0","0",,,"1.0"
"tema_litoglcampanavalidacionanalitico","createdby","Autor","lookup","none","0","0","0",,,"1.0"
"tema_litoglcampanavalidacionanalitico","createdon","Fecha de creación","datetime","none","0","0","0",,,"1.0"
"tema_litoglcampanavalidacionanalitico","createdonbehalfby","Autor (delegado)","lookup","none","0","0","0",,,"1.0"
"tema_litoglcampanavalidacionanalitico","importsequencenumber","Número de secuencia de importación","int","none","0","1","0",,,"1.0"
"tema_litoglcampanavalidacionanalitico","modifiedby","Modificado por","lookup","none","0","0","0",,,"1.0"
"tema_litoglcampanavalidacionanalitico","modifiedon","Fecha de modificación","datetime","none","0","0","0",,,"1.0"
"tema_litoglcampanavalidacionanalitico","modifiedonbehalfby","Modificado por (delegado)","lookup","none","0","0","0",,,"1.0"
"tema_litoglcampanavalidacionanalitico","overriddencreatedon","Fecha de creación del registro","datetime","none","0","1","0",,,"1.0"
"tema_litoglcampanavalidacionanalitico","ownerid","Propietario","owner","systemrequired","0","1","0",,,"1.0"
"tema_litoglcampanavalidacionanalitico","owningbusinessunit","Unidad de negocio propietaria","lookup","0","0","1","0",,,"1.0"
"tema_litoglcampanavalidacionanalitico","owningteam","Equipo propietario","lookup","none","0","0","0",,,"1.0"
"tema_litoglcampanavalidacionanalitico","owninguser","Usuario propietario","lookup","none","0","0","0",,,"1.0"
"tema_litoglcampanavalidacionanalitico","statecode","Estado","state","systemrequired","0","1","0","tema_litoglcampanavalidacionanalitico_statecode","2","1.0"
"tema_litoglcampanavalidacionanalitico","statuscode","Razón para el estado","status","none","0","1","0","tema_litoglcampanavalidacionanalitico_statuscode","2","1.0"
"tema_litoglcampanavalidacionanalitico","tema_documento_validacion","Documento_Validacion","nvarchar","none","1","1","0",,,"1.0"
"tema_litoglcampanavalidacionanalitico","tema_fecha_validacion","Fecha_Validacion","datetime","none","1","1","0",,,"1.0"
"tema_litoglcampanavalidacionanalitico","tema_informe_laboratorio","Informe_Laboratorio","lookup","none","1","0","0",,,"1.0.0.0"
"tema_litoglcampanavalidacionanalitico","tema_litogl_tp_cp_id_validacion","Lito-Gl tp cp ID Validacion","nvarchar","required","1","1","0",,,"1.0"
"tema_litoglcampanavalidacionanalitico","tema_litogl_tp_op_validacion_tecnica_completada","Lito-Gl_tp_op_Validacion_Tecnica_Completada","bit","required","1","1","0","tema_litoglcampanavalidacionanalitico_tema_litogl_tp_op_validacion_tecnica_completada","2","1.0.0.0"
"tema_litoglcampanavalidacionanalitico","tema_litoglcampanavalidacionanaliticoid","Lito-GL-Campaña-Validacion-Analitico","primarykey","systemrequired","0","0","0",,,"1.0"
"tema_litoglcampanavalidacionanalitico","tema_observaciones_tecnicas","Observaciones_Tecnicas","nvarchar","none","1","1","0",,,"1.0"
"tema_litoglcampanavalidacionanalitico","tema_resultado_validacion","Resultado_Validacion","picklist","required","1","0","0","tema_validacion","3","1.0.0.0"
"tema_litoglcampanavalidacionanalitico","tema_validador_tecnico","Validador_Tecnico","nvarchar","none","1","1","0",,,"1.0"
"tema_litoglcampanavalidacionanalitico","timezoneruleversionnumber","Número de versión de regla de zona horaria","int","none","0","0","0",,,"1.0"
"tema_litoglcampanavalidacionanalitico","utcconversiontimezonecode","Código de zona horaria de conversión UTC","int","none","0","0","0",,,"1.0"
"tema_litoglclientes","createdby","Autor","lookup","none","0","0","0",,,"1.0"
"tema_litoglclientes","createdon","Fecha de creación","datetime","none","0","0","0",,,"1.0"
"tema_litoglclientes","createdonbehalfby","Autor (delegado)","lookup","none","0","0","0",,,"1.0"
"tema_litoglclientes","importsequencenumber","Número de secuencia de importación","int","none","0","1","0",,,"1.0"
"tema_litoglclientes","modifiedby","Modificado por","lookup","none","0","0","0",,,"1.0"
"tema_litoglclientes","modifiedon","Fecha de modificación","datetime","none","0","0","0",,,"1.0"
"tema_litoglclientes","modifiedonbehalfby","Modificado por (delegado)","lookup","none","0","0","0",,,"1.0"
"tema_litoglclientes","overriddencreatedon","Fecha de creación del registro","datetime","none","0","1","0",,,"1.0"
"tema_litoglclientes","ownerid","Propietario","owner","systemrequired","0","1","0",,,"1.0"
"tema_litoglclientes","owningbusinessunit","Unidad de negocio propietaria","lookup","0","0","1","0",,,"1.0"
"tema_litoglclientes","owningteam","Equipo propietario","lookup","none","0","0","0",,,"1.0"
"tema_litoglclientes","owninguser","Usuario propietario","lookup","none","0","0","0",,,"1.0"
"tema_litoglclientes","statecode","Estado","state","systemrequired","0","1","0","tema_litoglclientes_statecode","2","1.0"
"tema_litoglclientes","statuscode","Razón para el estado","status","none","0","1","0","tema_litoglclientes_statuscode","2","1.0"
"tema_litoglclientes","tema_litogl_tc_cp_idcliente","Lito-Gl tc cp Id Cliente","nvarchar","required","1","1","0",,,"1.0"
"tema_litoglclientes","tema_litogl_tc_op_tipocliente","Tipo Cliente","picklist","none","1","1","0","tema_lito_gl_tipo_cliente","4","1.0.0.3"
"tema_litoglclientes","tema_litogl_tc_txt_ciudad","Ciudad","nvarchar","none","1","1","0",,,"1.0"
"tema_litoglclientes","tema_litogl_tc_txt_codigocliente","Código Cliente","nvarchar","none","1","1","0",,,"1.0"
"tema_litoglclientes","tema_litogl_tc_txt_contactoprincipal","Contacto Principal","nvarchar","none","1","1","0",,,"1.0"
"tema_litoglclientes","tema_litogl_tc_txt_direccion","Dirección","nvarchar","none","1","1","0",,,"1.0"
"tema_litoglclientes","tema_litogl_tc_txt_email","Correo electrónico","nvarchar","none","1","1","0",,,"1.0"
"tema_litoglclientes","tema_litogl_tc_txt_nombrecomercial","Nombre Comercial","nvarchar","none","1","1","0",,,"1.0"
"tema_litoglclientes","tema_litogl_tc_txt_pais","País","nvarchar","none","1","1","0",,,"1.0"
"tema_litoglclientes","tema_litogl_tc_txt_razonsocial","Razón Social","nvarchar","none","1","1","0",,,"1.0"
"tema_litoglclientes","tema_litogl_tc_txt_rutnit","Rut - Nit - Ruc","nvarchar","none","1","1","0",,,"1.0"
"tema_litoglclientes","tema_litogl_tc_txt_telefono","Teléfono","nvarchar","none","1","1","0",,,"1.0"
"tema_litoglclientes","tema_litoglclientesid","Lito-Gl-Clientes","primarykey","systemrequired","0","0","0",,,"1.0"
"tema_litoglclientes","timezoneruleversionnumber","Número de versión de regla de zona horaria","int","none","0","0","0",,,"1.0"
"tema_litoglclientes","utcconversiontimezonecode","Código de zona horaria de conversión UTC","int","none","0","0","0",,,"1.0"
"tema_litogldocumentoadjuntos","createdby","Autor","lookup","none","0","0","0",,,"1.0"
"tema_litogldocumentoadjuntos","createdon","Fecha de creación","datetime","none","0","0","0",,,"1.0"
"tema_litogldocumentoadjuntos","createdonbehalfby","Autor (delegado)","lookup","none","0","0","0",,,"1.0"
"tema_litogldocumentoadjuntos","importsequencenumber","Número de secuencia de importación","int","none","0","1","0",,,"1.0"
"tema_litogldocumentoadjuntos","modifiedby","Modificado por","lookup","none","0","0","0",,,"1.0"
"tema_litogldocumentoadjuntos","modifiedon","Fecha de modificación","datetime","none","0","0","0",,,"1.0"
"tema_litogldocumentoadjuntos","modifiedonbehalfby","Modificado por (delegado)","lookup","none","0","0","0",,,"1.0"
"tema_litogldocumentoadjuntos","overriddencreatedon","Fecha de creación del registro","datetime","none","0","1","0",,,"1.0"
"tema_litogldocumentoadjuntos","ownerid","Propietario","owner","systemrequired","0","1","0",,,"1.0"
"tema_litogldocumentoadjuntos","owningbusinessunit","Unidad de negocio propietaria","lookup","0","0","1","0",,,"1.0"
"tema_litogldocumentoadjuntos","owningteam","Equipo propietario","lookup","none","0","0","0",,,"1.0"
"tema_litogldocumentoadjuntos","owninguser","Usuario propietario","lookup","none","0","0","0",,,"1.0"
"tema_litogldocumentoadjuntos","statecode","Estado","state","systemrequired","0","1","0","tema_litogldocumentoadjuntos_statecode","2","1.0"
"tema_litogldocumentoadjuntos","statuscode","Razón para el estado","status","none","0","1","0","tema_litogldocumentoadjuntos_statuscode","2","1.0"
"tema_litogldocumentoadjuntos","tema_litogl_tr_bu_idcampania","Lito-Gl_tr_bu_Id Campania","lookup","required","1","0","0",,,"1.0.0.0"
"tema_litogldocumentoadjuntos","tema_litogl_tr_cp_iddocumento","Lito-Gl tr cp Id Documento","nvarchar","required","1","1","0",,,"1.0"
"tema_litogldocumentoadjuntos","tema_litogl_tr_cp_idtipodocumento","Lito-Gl_tr_cp_Id Tipo Documento","lookup","required","1","0","0",,,"1.0.0.0"
"tema_litogldocumentoadjuntos","tema_litogl_tr_txt_nombrearchivo","Lito-Gl_tr_txt_Nombre Archivo","nvarchar","required","1","1","0",,,"1.0"
"tema_litogldocumentoadjuntos","tema_litogl_tr_txt_rutaarchivo","Lito-Gl_tr_txt_Ruta Archivo","nvarchar","required","1","1","0",,,"1.0"
"tema_litogldocumentoadjuntos","tema_litogl_tr_txt_urlacceso","Lito-Gl_tr_txt_Url Acceso","nvarchar","required","1","1","0",,,"1.0"
"tema_litogldocumentoadjuntos","tema_litogldocumentoadjuntosid","Lito-Gl-Documento-Adjuntos","primarykey","systemrequired","0","0","0",,,"1.0"
"tema_litogldocumentoadjuntos","timezoneruleversionnumber","Número de versión de regla de zona horaria","int","none","0","0","0",,,"1.0"
"tema_litogldocumentoadjuntos","utcconversiontimezonecode","Código de zona horaria de conversión UTC","int","none","0","0","0",,,"1.0"
"tema_litogletaparesponsable","createdby","Autor","lookup","none","0","0","0",,,"1.0"
"tema_litogletaparesponsable","createdon","Fecha de creación","datetime","none","0","0","0",,,"1.0"
"tema_litogletaparesponsable","createdonbehalfby","Autor (delegado)","lookup","none","0","0","0",,,"1.0"
"tema_litogletaparesponsable","importsequencenumber","Número de secuencia de importación","int","none","0","1","0",,,"1.0"
"tema_litogletaparesponsable","modifiedby","Modificado por","lookup","none","0","0","0",,,"1.0"
"tema_litogletaparesponsable","modifiedon","Fecha de modificación","datetime","none","0","0","0",,,"1.0"
"tema_litogletaparesponsable","modifiedonbehalfby","Modificado por (delegado)","lookup","none","0","0","0",,,"1.0"
"tema_litogletaparesponsable","overriddencreatedon","Fecha de creación del registro","datetime","none","0","1","0",,,"1.0"
"tema_litogletaparesponsable","ownerid","Propietario","owner","systemrequired","0","1","0",,,"1.0"
"tema_litogletaparesponsable","owningbusinessunit","Unidad de negocio propietaria","lookup","0","0","1","0",,,"1.0"
"tema_litogletaparesponsable","owningteam","Equipo propietario","lookup","none","0","0","0",,,"1.0"
"tema_litogletaparesponsable","owninguser","Usuario propietario","lookup","none","0","0","0",,,"1.0"
"tema_litogletaparesponsable","statecode","Estado","state","systemrequired","0","1","0","tema_litogletaparesponsable_statecode","2","1.0"
"tema_litogletaparesponsable","statuscode","Razón para el estado","status","none","0","1","0","tema_litogletaparesponsable_statuscode","2","1.0"
"tema_litogletaparesponsable","tema_litogl_tp_op_etapa_campana","Etapa campaña","picklist","required","1","1","0","tema_etapa_campana_incidencia","11","1.0.0.10"
"tema_litogletaparesponsable","tema_litogl_tp_op_responsable_siguiente","Responsable_siguiente","picklist","required","1","1","0","tema_litoglperfilusuario","6","1.0.0.10"
"tema_litogletaparesponsable","tema_litogl_tp_op_rol_responsable","Rol Responsable","picklist","none","1","1","0","tema_litoglperfilusuario","6","1.0.0.10"
"tema_litogletaparesponsable","tema_litogl_tr_cp_id_etapa_responsable","Lito-Gl tr cp id etapa responsable","nvarchar","required","1","1","0",,,"1.0"
"tema_litogletaparesponsable","tema_litogletaparesponsableid","Lito-Gl-Etapa-Responsable","primarykey","systemrequired","0","0","0",,,"1.0"
"tema_litogletaparesponsable","timezoneruleversionnumber","Número de versión de regla de zona horaria","int","none","0","0","0",,,"1.0"
"tema_litogletaparesponsable","utcconversiontimezonecode","Código de zona horaria de conversión UTC","int","none","0","0","0",,,"1.0"
"tema_litoglpaquetesanaliticos","createdby","Autor","lookup","none","0","0","0",,,"1.0"
"tema_litoglpaquetesanaliticos","createdon","Fecha de creación","datetime","none","0","0","0",,,"1.0"
"tema_litoglpaquetesanaliticos","createdonbehalfby","Autor (delegado)","lookup","none","0","0","0",,,"1.0"
"tema_litoglpaquetesanaliticos","importsequencenumber","Número de secuencia de importación","int","none","0","1","0",,,"1.0"
"tema_litoglpaquetesanaliticos","modifiedby","Modificado por","lookup","none","0","0","0",,,"1.0"
"tema_litoglpaquetesanaliticos","modifiedon","Fecha de modificación","datetime","none","0","0","0",,,"1.0"
"tema_litoglpaquetesanaliticos","modifiedonbehalfby","Modificado por (delegado)","lookup","none","0","0","0",,,"1.0"
"tema_litoglpaquetesanaliticos","overriddencreatedon","Fecha de creación del registro","datetime","none","0","1","0",,,"1.0"
"tema_litoglpaquetesanaliticos","ownerid","Propietario","owner","systemrequired","0","1","0",,,"1.0"
"tema_litoglpaquetesanaliticos","owningbusinessunit","Unidad de negocio propietaria","lookup","0","0","1","0",,,"1.0"
"tema_litoglpaquetesanaliticos","owningteam","Equipo propietario","lookup","none","0","0","0",,,"1.0"
"tema_litoglpaquetesanaliticos","owninguser","Usuario propietario","lookup","none","0","0","0",,,"1.0"
"tema_litoglpaquetesanaliticos","statecode","Estado","state","systemrequired","0","1","0","tema_litoglpaquetesanaliticos_statecode","2","1.0"
"tema_litoglpaquetesanaliticos","statuscode","Razón para el estado","status","none","0","1","0","tema_litoglpaquetesanaliticos_statuscode","2","1.0"
"tema_litoglpaquetesanaliticos","tema_litogl_tr_cp_id_matriz","Matriz","lookup","none","1","0","0",,,"1.0.0.3"
"tema_litoglpaquetesanaliticos","tema_litogl_tr_cp_idlaboratorio","Id Laboratorio","lookup","required","1","0","0",,,"1.0.0.0"
"tema_litoglpaquetesanaliticos","tema_litogl_tr_cp_idpaquete","Lito-Gl tr cp Id Paquete","nvarchar","none","1","1","0",,,"1.0"
"tema_litoglpaquetesanaliticos","tema_litogl_tr_dec_preciobase","Precio Base","decimal","none","1","1","0",,,"1.0"
"tema_litoglpaquetesanaliticos","tema_litogl_tr_int_tiempo_estimado_dias","Días estimados entrega","int","none","1","1","0",,,"1.0"
"tema_litoglpaquetesanaliticos","tema_litogl_tr_txt_codigopaquete","Codigo Paquete","nvarchar","required","1","1","0",,,"1.0"
"tema_litoglpaquetesanaliticos","tema_litogl_tr_txt_descripcion","Descripción","nvarchar","none","1","1","0",,,"1.0"
"tema_litoglpaquetesanaliticos","tema_litogl_tr_txt_nombrepaquete","Nombre Paquete","nvarchar","required","1","1","0",,,"1.0"
"tema_litoglpaquetesanaliticos","tema_litoglpaquetesanaliticosid","Lito-Gl-Paquetes-Analíticos","primarykey","systemrequired","0","0","0",,,"1.0"
"tema_litoglpaquetesanaliticos","timezoneruleversionnumber","Número de versión de regla de zona horaria","int","none","0","0","0",,,"1.0"
"tema_litoglpaquetesanaliticos","utcconversiontimezonecode","Código de zona horaria de conversión UTC","int","none","0","0","0",,,"1.0"
"tema_litoglperfilesusuario","createdby","Autor","lookup","none","0","0","0",,,"1.0"
"tema_litoglperfilesusuario","createdon","Fecha de creación","datetime","none","0","0","0",,,"1.0"
"tema_litoglperfilesusuario","createdonbehalfby","Autor (delegado)","lookup","none","0","0","0",,,"1.0"
"tema_litoglperfilesusuario","importsequencenumber","Número de secuencia de importación","int","none","0","1","0",,,"1.0"
"tema_litoglperfilesusuario","modifiedby","Modificado por","lookup","none","0","0","0",,,"1.0"
"tema_litoglperfilesusuario","modifiedon","Fecha de modificación","datetime","none","0","0","0",,,"1.0"
"tema_litoglperfilesusuario","modifiedonbehalfby","Modificado por (delegado)","lookup","none","0","0","0",,,"1.0"
"tema_litoglperfilesusuario","overriddencreatedon","Fecha de creación del registro","datetime","none","0","1","0",,,"1.0"
"tema_litoglperfilesusuario","ownerid","Propietario","owner","systemrequired","0","1","0",,,"1.0"
"tema_litoglperfilesusuario","owningbusinessunit","Unidad de negocio propietaria","lookup","0","0","1","0",,,"1.0"
"tema_litoglperfilesusuario","owningteam","Equipo propietario","lookup","none","0","0","0",,,"1.0"
"tema_litoglperfilesusuario","owninguser","Usuario propietario","lookup","none","0","0","0",,,"1.0"
"tema_litoglperfilesusuario","statecode","Estado","state","systemrequired","0","1","0","tema_litoglperfilesusuario_statecode","2","1.0"
"tema_litoglperfilesusuario","statuscode","Razón para el estado","status","none","0","1","0","tema_litoglperfilesusuario_statuscode","2","1.0"
"tema_litoglperfilesusuario","tema_litogl_tr_cp_idperfil","Lito-Gl tr cp Id Perfil","nvarchar","required","1","1","0",,,"1.0"
"tema_litoglperfilesusuario","tema_litogl_tr_op_puedecrearcampanias","Lito-Gl_tr_op_Puede Crear Campanias","bit","required","1","1","0","tema_litoglperfilesusuario_tema_litogl_tr_op_puedecrearcampanias","2","1.0.0.0"
"tema_litoglperfilesusuario","tema_litogl_tr_op_puedecrearproyectos","Lito-Gl_tr_op_Puede Crear Proyectos","bit","required","1","1","0","tema_litoglperfilesusuario_tema_litogl_tr_op_puedecrearproyectos","2","1.0.0.0"
"tema_litoglperfilesusuario","tema_litogl_tr_op_puedegestionarusuarios","Lito-Gl_tr_op_Puede Gestionar Usuarios","bit","required","1","1","0","tema_litoglperfilesusuario_tema_litogl_tr_op_puedegestionarusuarios","2","1.0.0.0"
"tema_litoglperfilesusuario","tema_litogl_tr_op_puedevalidarresultados","Lito-Gl_tr_op_Puede Validar Resultados","bit","required","1","1","0","tema_litoglperfilesusuario_tema_litogl_tr_op_puedevalidarresultados","2","1.0.0.0"
"tema_litoglperfilesusuario","tema_litogl_tr_txt_codigoperfil","Lito-Gl_tr_txt_Codigo Perfil","nvarchar","required","1","1","0",,,"1.0"
"tema_litoglperfilesusuario","tema_litogl_tr_txt_nombreperfil","Lito-Gl_tr_txt_Nombre Perfil","nvarchar","required","1","1","0",,,"1.0"
"tema_litoglperfilesusuario","tema_litoglperfilesusuarioid","Lito-Gl-Perfiles-Usuario","primarykey","systemrequired","0","0","0",,,"1.0"
"tema_litoglperfilesusuario","timezoneruleversionnumber","Número de versión de regla de zona horaria","int","none","0","0","0",,,"1.0"
"tema_litoglperfilesusuario","utcconversiontimezonecode","Código de zona horaria de conversión UTC","int","none","0","0","0",,,"1.0"
"tema_litoglproyectoequipo","createdby","Autor","lookup","none","0","0","0",,,"1.0"
"tema_litoglproyectoequipo","createdon","Fecha de creación","datetime","none","0","0","0",,,"1.0"
"tema_litoglproyectoequipo","createdonbehalfby","Autor (delegado)","lookup","none","0","0","0",,,"1.0"
"tema_litoglproyectoequipo","importsequencenumber","Número de secuencia de importación","int","none","0","1","0",,,"1.0"
"tema_litoglproyectoequipo","modifiedby","Modificado por","lookup","none","0","0","0",,,"1.0"
"tema_litoglproyectoequipo","modifiedon","Fecha de modificación","datetime","none","0","0","0",,,"1.0"
"tema_litoglproyectoequipo","modifiedonbehalfby","Modificado por (delegado)","lookup","none","0","0","0",,,"1.0"
"tema_litoglproyectoequipo","overriddencreatedon","Fecha de creación del registro","datetime","none","0","1","0",,,"1.0"
"tema_litoglproyectoequipo","ownerid","Propietario","owner","systemrequired","0","1","0",,,"1.0"
"tema_litoglproyectoequipo","owningbusinessunit","Unidad de negocio propietaria","lookup","0","0","1","0",,,"1.0"
"tema_litoglproyectoequipo","owningteam","Equipo propietario","lookup","none","0","0","0",,,"1.0"
"tema_litoglproyectoequipo","owninguser","Usuario propietario","lookup","none","0","0","0",,,"1.0"
"tema_litoglproyectoequipo","statecode","Estado","state","systemrequired","0","1","0","tema_litoglproyectoequipo_statecode","2","1.0"
"tema_litoglproyectoequipo","statuscode","Razón para el estado","status","none","0","1","0","tema_litoglproyectoequipo_statuscode","2","1.0"
"tema_litoglproyectoequipo","tema_litogl_tr_bu_id_proyecto","Proyecto","lookup","required","1","0","0",,,"1.0.0.2"
"tema_litoglproyectoequipo","tema_litogl_tr_bu_idusuario","Usuario","lookup","required","1","0","0",,,"1.0.0.2"
"tema_litoglproyectoequipo","tema_litogl_tr_cp_id_proyecto_equipo","Lito-Gl tr cp id proyecto equipo","nvarchar","none","1","1","0",,,"1.0"
"tema_litoglproyectoequipo","tema_litoglproyectoequipoid","Lito-Gl-Proyecto-Equipo","primarykey","systemrequired","0","0","0",,,"1.0"
"tema_litoglproyectoequipo","tema_tema_litogl_tr_op_roltecnico","Rol","picklist","none","1","1","0","tema_litoglperfilusuario","6","1.0.0.5"
"tema_litoglproyectoequipo","timezoneruleversionnumber","Número de versión de regla de zona horaria","int","none","0","0","0",,,"1.0"
"tema_litoglproyectoequipo","utcconversiontimezonecode","Código de zona horaria de conversión UTC","int","none","0","0","0",,,"1.0"
"tema_litogltipodocumento","createdby","Autor","lookup","none","0","0","0",,,"1.0"
"tema_litogltipodocumento","createdon","Fecha de creación","datetime","none","0","0","0",,,"1.0"
"tema_litogltipodocumento","createdonbehalfby","Autor (delegado)","lookup","none","0","0","0",,,"1.0"
"tema_litogltipodocumento","importsequencenumber","Número de secuencia de importación","int","none","0","1","0",,,"1.0"
"tema_litogltipodocumento","modifiedby","Modificado por","lookup","none","0","0","0",,,"1.0"
"tema_litogltipodocumento","modifiedon","Fecha de modificación","datetime","none","0","0","0",,,"1.0"
"tema_litogltipodocumento","modifiedonbehalfby","Modificado por (delegado)","lookup","none","0","0","0",,,"1.0"
"tema_litogltipodocumento","overriddencreatedon","Fecha de creación del registro","datetime","none","0","1","0",,,"1.0"
"tema_litogltipodocumento","ownerid","Propietario","owner","systemrequired","0","1","0",,,"1.0"
"tema_litogltipodocumento","owningbusinessunit","Unidad de negocio propietaria","lookup","0","0","1","0",,,"1.0"
"tema_litogltipodocumento","owningteam","Equipo propietario","lookup","none","0","0","0",,,"1.0"
"tema_litogltipodocumento","owninguser","Usuario propietario","lookup","none","0","0","0",,,"1.0"
"tema_litogltipodocumento","statecode","Estado","state","systemrequired","0","1","0","tema_litogltipodocumento_statecode","2","1.0"
"tema_litogltipodocumento","statuscode","Razón para el estado","status","none","0","1","0","tema_litogltipodocumento_statuscode","2","1.0"
"tema_litogltipodocumento","tema_litogl_tc_cp_idtipodocumento","Lito-Gl tc cp Id Tipo Documento","nvarchar","required","1","1","0",,,"1.0"
"tema_litogltipodocumento","tema_litogl_tc_txt_codigotipo","Lito-Gl_tc_txt_Codigo Tipo","nvarchar","required","1","1","0",,,"1.0"
"tema_litogltipodocumento","tema_litogl_tc_txt_nombretipo","Lito-Gl_tc_txt_Nombre Tipo","nvarchar","required","1","1","0",,,"1.0"
"tema_litogltipodocumento","tema_litogltipodocumentoid","Lito-Gl-Tipo-Documento","primarykey","systemrequired","0","0","0",,,"1.0"
"tema_litogltipodocumento","timezoneruleversionnumber","Número de versión de regla de zona horaria","int","none","0","0","0",,,"1.0"
"tema_litogltipodocumento","utcconversiontimezonecode","Código de zona horaria de conversión UTC","int","none","0","0","0",,,"1.0"
